<?xml version="1.0" encoding="UTF-8" standalone="yes"?>
<addon id="plugin.video.itv" name="ITV" version="2.4.1" provider-name="catchup4kodi, geeteetv">
  <requires>
    <import addon="xbmc.python" version="2.1.0"/>
  </requires>
  <extension point="xbmc.python.pluginsource" library="default.py">
        <provides>video</provides>
  </extension>
  <extension point="xbmc.addon.metadata">
    <platform>all</platform>
    <summary>ITV Tv Player</summary>
    <description>ITV Player </description>
    <news>modded version of catchup4kodi's ITVplayer. Fixed proxy, removed live TV</news>
  </extension>
</addon>
