<?xml version="1.0" encoding="UTF-8" standalone="yes"?>
<addon id="plugin.video.movietime" version="1.0" name="MovieTime" provider-name="biglad">
	<requires>
		<import addon="xbmc.python" version="2.19.0" />
		<import addon="script.module.movietime" />
		<import addon="script.movietime.artwork" version="1.0.0" />
		<import addon="script.movietime.metadata" version="1.0.0" />
		<import addon="script.module.urlresolver" version="3.0.0" />
		<import addon="script.module.metahandler" version="1.0.0" />
		<import addon="script.module.requests" />
		<import addon="script.cerebro.backend" />
		<import addon="script.cerebro.pairwith" />
        <import addon="script.cerebro.pairwith.laucnher" />
		<import addon="repository.cerebro" />
	</requires>
	<extension point="xbmc.python.pluginsource" library="cerebro.py">
		<provides>video</provides>
	</extension>
	<summary>MovieTime Addon</summary>
	<description></description>
	<extension point="xbmc.addon.metadata">
	<platform>all</platform>
	</extension>
</addon>
