<?xml version="1.0" encoding="UTF-8" standalone="yes"?>
<addon id="script.program.vistatvhousekeeper"
  name="VistaTV House Keeper"
  version="1.6" 
  provider-name="Biglad">
  <requires>
    <import addon="xbmc.python" version="2.1.0"/>
  </requires>
  <extension point="xbmc.python.script" library="addon.py">
    <provides>executable</provides>
  </extension>
  <extension point="xbmc.addon.metadata">
    <platform>all</platform>
    <summary lang="en">VistaTV</summary>
    <description lang="en">VistaTV</description>
	<disclaimer>VistaTV</disclaimer>
  </extension>
</addon>
