<shortcuts>
	<shortcut>
		<label>184</label>
		<label2>Common Shortcut</label2>
		<icon>special://skin/extras/icons/update.png</icon>
		<action>Weather.Refresh</action>
	</shortcut>
	<shortcut>
		<label>31077</label>
		<label2>Common Shortcut</label2>
		<icon>special://skin/extras/icons/location-previous.png</icon>
		<action>Weather.LocationPrevious</action>
	</shortcut>
	<shortcut>
		<label>31078</label>
		<label2>Common Shortcut</label2>
		<icon>special://skin/extras/icons/location-next.png</icon>
		<action>Weather.LocationNext</action>
	</shortcut>
	<shortcut>
		<label>1390</label>
		<label2>Common Shortcut</label2>
		<icon>special://skin/extras/icons/weather-settings.png</icon>
		<action>ActivateWindow(ServiceSettings,weather)</action>
	</shortcut>
</shortcuts>
