<?xml version='1.0' encoding='UTF-8'?>
<shortcuts>
	<shortcut>
		<defaultID>disc</defaultID>
		<label>427</label>
		<label2>Common Shortcut</label2>
		<icon>special://skin/extras/icons/dvd.png</icon>
		<thumb />
		<action>PlayDisc</action>
		<visible>System.HasMediaDVD</visible>
	</shortcut>
	<shortcut>
		<defaultID>search</defaultID>
		<label>$SKIN[31001|skin.estuary.mod|Search...]</label>
		<label2>Common Shortcut</label2>
		<icon>special://skin/extras/icons/search.png</icon>
		<thumb />
		<action>ActivateWindow(1107)</action>
		<visible>Skin.HasSetting(horizontaladvanced_menu)</visible>
	</shortcut>
	<shortcut>
		<defaultID />
		<label>Live TV</label>
		<label2>Custom item</label2>
		<icon>DefaultTVGuide.png</icon>
		<thumb />
		<action>RunAddon(script.vista.livetvmenu,return)</action>
	</shortcut>
	<shortcut>
		<defaultID />
		<label>On Demand</label>
		<label2>Custom item</label2>
		<icon>DefaultShortcut.png</icon>
		<thumb>special://skin/extras/icons/movie.png</thumb>
		<action>RunAddOn(script.vista.ondemanmenu)</action>
	</shortcut>
	<shortcut>
		<defaultID />
		<label>24/7</label>
		<label2>Custom item</label2>
		<icon>DefaultShortcut.png</icon>
		<thumb>special://skin/extras/icons/play2.png</thumb>
		<action>ActivateWindow(Videos,"plugin://plugin.video.vistatv/?action=directory&amp;url=https%3A%2F%2Fraw.githubusercontent.com%2Fbiglad%2FPersonalDataVistaTV%2Fmaster%2Fzips%2Fto-be-cleaned-up-ed%2Fsuper%2520old%2520stuff%2F9534958459845345%2Fsdfdsfdsfdsfsdfsfdsf%2F1%2F2%2Flol%2Fwtf%2F247menu.xml&amp;content=addons",return)</action>
	</shortcut>
	<shortcut>
		<defaultID />
		<label>Sports</label>
		<label2>Custom item</label2>
		<icon>DefaultShortcut.png</icon>
		<thumb>special://skin/extras/icons/nba.png</thumb>
		<action>ActivateWindow(Videos,"plugin://plugin.video.vistatv/?action=directory&amp;url=https%3A%2F%2Fraw.githubusercontent.com%2Fbiglad%2FPersonalDataVistaTV%2Fmaster%2Fzips%2Fto-be-cleaned-up-ed%2Fsuper%2520old%2520stuff%2F9534958459845345%2Fsdfdsfdsfdsfsdfsfdsf%2F1%2F2%2Flol%2Fwtf%2Fsports.xml&amp;content=addons",return)</action>
	</shortcut>
	<shortcut>
		<defaultID />
		<label>Kids</label>
		<label2>Custom item</label2>
		<icon>DefaultShortcut.png</icon>
		<thumb>special://skin/extras/icons/mickey.png</thumb>
		<action>ActivateWindow(Videos,"plugin://plugin.video.vistatv/?action=directory&amp;url=https%3A%2F%2Fraw.githubusercontent.com%2Fbiglad%2FPersonalDataVistaTV%2Fmaster%2Fzips%2Fto-be-cleaned-up-ed%2Fsuper%2520old%2520stuff%2F9534958459845345%2Fsdfdsfdsfdsfsdfsfdsf%2F1%2F2%2Flol%2Fwtf%2Fkids.xml&amp;content=addons",return)</action>
	</shortcut>
	<shortcut>
		<defaultID />
		<label>You Tube</label>
		<label2>Custom item</label2>
		<icon>DefaultShortcut.png</icon>
		<thumb>special://skin/extras/icons/youtube.png</thumb>
		<action>ActivateWindow(Videos,"plugin://plugin.video.youtube",return)</action>
	</shortcut>
	<shortcut>
		<defaultID />
		<label>My Favourites</label>
		<label2>Custom item</label2>
		<icon>DefaultShortcut.png</icon>
		<thumb>special://skin/extras/icons/favourite.png</thumb>
		<action>ActivateWindow(Favourites)</action>
	</shortcut>
	<shortcut>
		<defaultID />
		<label>My Files</label>
		<label2>Custom item</label2>
		<icon>DefaultShortcut.png</icon>
		<thumb>special://skin/extras/icons/hdd.png</thumb>
		<action>ActivateWindow(Videos,sources://video/,return)</action>
	</shortcut>
	<shortcut>
		<defaultID />
		<label>Tools</label>
		<label2>Custom item</label2>
		<icon>DefaultShortcut.png</icon>
		<thumb>special://skin/extras/icons/swissarmy.png</thumb>
		<action>RunAddOn(script.vistatvtools)</action>
	</shortcut>
	<shortcut>
		<defaultID />
		<label>Adult</label>
		<label2>Custom item</label2>
		<icon>DefaultShortcut.png</icon>
		<thumb>special://skin/extras/icons/warning.png</thumb>
		<action>ActivateWindow(Videos,"plugin://plugin.video.uwc",return)</action>
	</shortcut>
	<shortcut>
		<defaultID />
		<label>Settings</label>
		<label2>Custom item</label2>
		<icon>DefaultShortcut.png</icon>
		<thumb>special://skin/extras/icons/settings.png</thumb>
		<action>ActivateWindow(Settings)</action>
	</shortcut>
	<shortcut>
		<defaultID />
		<label>Video Addons</label>
		<label2>Custom item</label2>
		<icon>DefaultShortcut.png</icon>
		<thumb>special://skin/extras/icons/addon.png</thumb>
		<action>ActivateWindow(Videos,Addons,return)</action>
	</shortcut>
	<shortcut>
		<defaultID>weather</defaultID>
		<label>8</label>
		<label2>Common Shortcut</label2>
		<icon>special://skin/extras/icons/sun.png</icon>
		<thumb />
		<action>ActivateWindow(Weather)</action>
		<visible>!String.IsEmpty(Weather.Plugin)</visible>
	</shortcut>
	<shortcut>
		<defaultID>favourite</defaultID>
		<label>1036</label>
		<label2>Common Shortcut</label2>
		<icon>special://skin/extras/icons/favourite.png</icon>
		<thumb />
		<action>ActivateWindow(favourites)</action>
		<visible>Skin.HasSetting(horizontaladvanced_menu)</visible>
	</shortcut>
	<shortcut>
		<defaultID>filemanager</defaultID>
		<label>7</label>
		<label2>Common Shortcut</label2>
		<icon>special://skin/extras/icons/filemanager.png</icon>
		<thumb />
		<action>ActivateWindow(filemanager)</action>
		<visible>Skin.HasSetting(horizontaladvanced_menu)</visible>
	</shortcut>
	<shortcut>
		<defaultID>libreelec</defaultID>
		<label>LibreELEC</label>
		<label2>Common Shortcut</label2>
		<icon>special://skin/extras/icons/libreelec.png</icon>
		<thumb />
		<action>RunAddon(service.libreelec.settings)</action>
		<visible>System.HasAddon(service.libreelec.settings)</visible>
	</shortcut>
	<shortcut>
		<defaultID>openelec</defaultID>
		<label>OpenELEC</label>
		<label2>Common Shortcut</label2>
		<icon>special://skin/extras/icons/openelec.png</icon>
		<thumb />
		<action>RunAddon(service.openelec.settings)</action>
		<visible>System.HasAddon(service.openelec.settings)</visible>
	</shortcut>
	<shortcut>
		<defaultID>setting</defaultID>
		<label>5</label>
		<label2>Common Shortcut</label2>
		<icon>special://skin/extras/icons/settings.png</icon>
		<thumb />
		<action>ActivateWindow(settings)</action>
		<visible>Skin.HasSetting(horizontaladvanced_menu)</visible>
	</shortcut>
	<shortcut>
		<defaultID>power</defaultID>
		<label>33060</label>
		<label2>Common Shortcut</label2>
		<icon>special://skin/extras/icons/power.png</icon>
		<thumb />
		<action>ActivateWindow(shutdownmenu)</action>
		<visible>Skin.HasSetting(horizontaladvanced_menu)</visible>
	</shortcut>
</shortcuts>
