<?xml version="1.0" encoding="UTF-8" standalone="yes"?>
<addon id="repository.x-odi.nl" name="QUANTUM REPO" version="1.1" provider-name="Quantum">
    <extension point="xbmc.addon.repository" name="Quantum Repository">
        <info compressed="true">http://repo.x-odi.nl/addons.xml</info>
        <checksum>http://repo.x-odi.nl/addons.xml.md5</checksum>
        <datadir zip="true">http://repo.x-odi.nl/repo</datadir>
    </extension>
    <extension point="xbmc.addon.metadata">
        <summary lang="en_gb">QUANTUM REPO</summary>
        <description>QUANTUM REPO</description>
		<disclaimer lang="en">Quantum does not provide any streams of its own; stream quality, content and copyright are responsibility of the ad-financed source web site.</disclaimer>
        <platform>all</platform>
    </extension>
</addon>
