<?xml version="1.0" encoding="UTF-8" standalone="yes"?>
<addon id="script.module.vistatvlive" name="Vitsa Live TV" version="1.0.0" provider-name="Biglad">
  <requires>
    <import addon="xbmc.python" version="2.1.0"/>
	<import addon="script.module.requests" />
	<import addon="script.video.F4mProxy" />
  </requires>
  <extension point="xbmc.python.pluginsource" library="default.py">
        <provides>all</provides>
  </extension>
  <extension point="xbmc.addon.metadata">
    <summary lang="en">[COLOR ffff0000][B]Vitsa Live TV[/B][/COLOR]</summary>
    <description lang="en">[COLOR ffff0000][B]Vitsa Live TV[/B][/COLOR]</description>
	<disclaimer lang="en">The author does not host or own any content found within this Addon. The Author is not connected to or in any other way affiliated with Kodi, Team Kodi, or the XBMC Foundation.</disclaimer>
    <platform>all</platform>
  </extension>
</addon>
