<?xml version="1.0" encoding="UTF-8" standalone="yes"?>
<addon id="plugin.video.quantumloader" name="Quantum IPTV loader" version="3.0.1" provider-name="Quantum">
  <requires>
    <import addon="xbmc.python" version="2.1.0"/>
  </requires>
  <extension point="xbmc.python.pluginsource" library="default.py">
        <provides>video</provides>
  </extension>
  <extension point="xbmc.addon.metadata">
		<summary lang="en">Quantum IPTV loader</summary>
		<description lang="en">Kindly note that Quantum IPTV loader is not an official part of the media player you are running, and therefore not to be mentioned within official support channels, this addon has nothing to do with the media player itself, nor it’s intended use, it is simply a third party plugin which has been added to your system.</description>
    <platform>all</platform>
  </extension>
</addon>
